{
  "metrics": {
    "num_test_samples": 4,
    "latency_mae_ms": 209.1041717529297,
    "latency_rmse_ms": 209.37843322753906,
    "latency_mape": 96.7265784740448,
    "latency_median_ape": 96.84058427810669,
    "latency_max_ape": 98.25648069381714,
    "latency_p95_ape": 98.24294805526733,
    "memory_mae_mb": 12956.201171875,
    "memory_rmse_mb": 12956.20703125,
    "memory_mape": 99.84371662139893,
    "memory_median_ape": 99.84371662139893,
    "memory_max_ape": 99.94260668754578,
    "memory_p95_ape": 99.94260668754578
  },
  "predictions": {
    "predicted_latencies_ms": [
      10.166807174682617,
      3.8948562145233154,
      3.8948562145233154,
      10.166807174682617
    ],
    "predicted_memories_mb": [
      33.11265182495117,
      7.447299957275391,
      7.447299957275391,
      33.11265182495117
    ],
    "ground_truth_latencies_ms": [
      226.67999267578125,
      223.38999938964844,
      212.39999389648438,
      202.07000732421875
    ],
    "ground_truth_memories_mb": [
      12976.48046875,
      12976.48046875,
      12976.48046875,
      12976.48046875
    ]
  }
}