{
  "train_loss": [
    64.5044174194336,
    64.84422302246094,
    65.2208480834961,
    63.88020324707031,
    64.09481048583984,
    63.02381896972656,
    61.73439407348633,
    60.99503707885742,
    59.9805793762207,
    59.19108581542969,
    58.847496032714844,
    58.204898834228516,
    57.26811599731445,
    57.45054626464844,
    55.6947135925293,
    55.64389419555664,
    54.27037811279297,
    53.76362991333008,
    54.687252044677734,
    52.172523498535156,
    52.02468490600586,
    53.30570602416992,
    53.89751434326172,
    54.85990905761719,
    50.09109115600586,
    50.40988540649414,
    50.67253112792969,
    49.90926742553711,
    47.360164642333984,
    48.557193756103516,
    47.70900344848633,
    47.057987213134766,
    47.18937301635742,
    46.820960998535156,
    46.90169143676758,
    46.015987396240234,
    47.41689682006836,
    45.370914459228516,
    46.19552230834961,
    44.44560241699219,
    42.96830749511719,
    43.33080291748047,
    43.412574768066406,
    41.47298812866211,
    42.17244338989258,
    40.23286819458008,
    41.7450065612793,
    41.38268280029297,
    41.08529281616211,
    41.152828216552734,
    40.31940841674805,
    39.43372344970703,
    37.87327194213867,
    39.78905487060547,
    36.21694564819336,
    37.41897201538086,
    37.58415603637695,
    36.45167922973633,
    36.677146911621094,
    37.255897521972656,
    35.252620697021484,
    36.39994812011719,
    34.52977752685547,
    34.30401611328125,
    33.479854583740234,
    33.87528610229492,
    33.649139404296875,
    33.60813903808594,
    33.82830047607422,
    32.46781539916992,
    33.170440673828125,
    30.847463607788086,
    32.53710174560547,
    31.279338836669922,
    31.314638137817383,
    32.5272331237793,
    31.470420837402344,
    29.395360946655273,
    29.78908348083496,
    29.542644500732422,
    28.563037872314453,
    28.887325286865234,
    28.971363067626953,
    27.823471069335938,
    26.793378829956055,
    28.322837829589844,
    28.306243896484375,
    27.50432014465332,
    26.407697677612305,
    27.926902770996094,
    25.34573745727539,
    25.17096519470215,
    24.29437828063965,
    25.302064895629883,
    24.03862762451172,
    24.661195755004883,
    24.352745056152344,
    24.56682586669922,
    22.822404861450195,
    24.115623474121094
  ],
  "val_loss": [
    63.157203674316406,
    62.97278594970703,
    62.714744567871094,
    62.59532928466797,
    62.49852752685547,
    62.319488525390625,
    62.112632751464844,
    61.91169357299805,
    61.7230339050293,
    61.44114685058594,
    61.00419235229492,
    60.65961456298828,
    60.260581970214844,
    59.96503448486328,
    59.38572311401367,
    58.83892059326172,
    58.2628288269043,
    57.74320983886719,
    57.11675262451172,
    56.54905319213867,
    55.983455657958984,
    55.491111755371094,
    54.97802734375,
    54.50592041015625,
    54.21247482299805,
    53.8405876159668,
    53.33857345581055,
    52.85929870605469,
    52.3823356628418,
    52.01959991455078,
    51.73325729370117,
    51.3409423828125,
    50.908546447753906,
    50.5972900390625,
    50.23496627807617,
    49.67700958251953,
    49.20695114135742,
    48.65814208984375,
    48.3363037109375,
    47.98347091674805,
    47.658809661865234,
    47.331932067871094,
    46.94167709350586,
    46.62726593017578,
    46.28984832763672,
    45.99176025390625,
    45.588741302490234,
    45.25759506225586,
    44.81854248046875,
    44.3936882019043,
    43.784423828125,
    43.46221923828125,
    43.171485900878906,
    42.763702392578125,
    42.518035888671875,
    42.23761749267578,
    41.93478775024414,
    41.74479675292969,
    41.382991790771484,
    41.007659912109375,
    40.786399841308594,
    40.5738639831543,
    40.356666564941406,
    40.049354553222656,
    39.680152893066406,
    39.2811164855957,
    38.97706604003906,
    38.71514892578125,
    38.56610870361328,
    38.15086364746094,
    37.787742614746094,
    37.529762268066406,
    36.98082733154297,
    36.57628631591797,
    36.21909713745117,
    35.872371673583984,
    35.47916030883789,
    35.28015899658203,
    35.043296813964844,
    34.74281692504883,
    34.39521789550781,
    34.15769958496094,
    33.87214279174805,
    33.597434997558594,
    33.294090270996094,
    32.95896911621094,
    32.60393524169922,
    32.4122428894043,
    32.16108703613281,
    31.875782012939453,
    31.472118377685547,
    31.10798454284668,
    30.835346221923828,
    30.37445640563965,
    30.112590789794922,
    29.774389266967773,
    29.55350112915039,
    28.990530014038086,
    28.712112426757812,
    28.378860473632812
  ],
  "val_lat_mae": [
    5.577334403991699,
    5.565526485443115,
    5.554959774017334,
    5.549499034881592,
    5.546128749847412,
    5.536233901977539,
    5.528878688812256,
    5.524289131164551,
    5.526699066162109,
    5.5262885093688965,
    5.506960868835449,
    5.502997398376465,
    5.488473892211914,
    5.477227687835693,
    5.4611358642578125,
    5.448919296264648,
    5.42945671081543,
    5.406775951385498,
    5.384063720703125,
    5.348021507263184,
    5.336572170257568,
    5.317608833312988,
    5.29612398147583,
    5.272923469543457,
    5.270665168762207,
    5.255340576171875,
    5.229793071746826,
    5.205724716186523,
    5.195352554321289,
    5.184975624084473,
    5.1823272705078125,
    5.172095775604248,
    5.152998447418213,
    5.146183490753174,
    5.1357574462890625,
    5.114889621734619,
    5.088101387023926,
    5.067044734954834,
    5.063848495483398,
    5.04325008392334,
    5.016545295715332,
    4.987840175628662,
    4.968697547912598,
    4.955422878265381,
    4.925168037414551,
    4.900418758392334,
    4.866971492767334,
    4.836444854736328,
    4.808197021484375,
    4.767554759979248,
    4.744635581970215,
    4.722410202026367,
    4.7022528648376465,
    4.676846504211426,
    4.6723737716674805,
    4.640913009643555,
    4.626328468322754,
    4.625265121459961,
    4.6149821281433105,
    4.601466655731201,
    4.585629463195801,
    4.571992874145508,
    4.543891906738281,
    4.531304359436035,
    4.4979681968688965,
    4.458636283874512,
    4.444297790527344,
    4.430027961730957,
    4.4050445556640625,
    4.370479583740234,
    4.334820747375488,
    4.3127336502075195,
    4.263977527618408,
    4.234696865081787,
    4.2054877281188965,
    4.179454803466797,
    4.148406028747559,
    4.119461536407471,
    4.104096412658691,
    4.085217475891113,
    4.060626983642578,
    4.036246299743652,
    4.013012886047363,
    3.9873123168945312,
    3.955705165863037,
    3.919288396835327,
    3.8880538940429688,
    3.859313488006592,
    3.8491790294647217,
    3.8252882957458496,
    3.7976768016815186,
    3.7653043270111084,
    3.7383933067321777,
    3.7155284881591797,
    3.6894242763519287,
    3.647735595703125,
    3.6161952018737793,
    3.579127311706543,
    3.563933849334717,
    3.5299010276794434
  ],